S1136.0,3053.0,2716.0,0.0,125.3953488372093,125.3953488372093,100.0,0.8896167703897806,11.038322961021946,10-25%
3117797.0,9764764762233.0,441448095.0,30.0,3117656.049799994,3117626.049799994,99.99903773862412,4.520826724954815e-05,99.99547917327504,90-100%
334485.0,26600585.0,3.0,0.0,334484.96227695746,334484.96227695746,100.0,1.1277947458674312e-07,99.99998872205255,90-100%
348210405232.0,2151514806978.0,363.0,749179.0,348210405173.25055,348209655994.25055,99.99978484876131,1.6871833687720085e-10,99.99999998312816,90-100%
1673.0,5655.0,5122.0,0.0,157.68505747126437,157.68505747126437,100.0,0.9057471264367816,9.425287356321839,0-10%
2067670.0,76058353.0,1827486.0,0.0,2017989.2242721848,2017989.2242721848,100.0,0.024027420104666217,97.59725798953338,90-100%
80394364721.0,1.0695699269245811e+17,4080.0,8598739479.0,80394364720.99693,71795625241.99693,89.3043007319713,3.8146173497337813e-14,99.99999999999618,90-100%
99.0,4294967294.0,1898.0,0.0,98.99995625065638,98.99995625065638,100.0,4.4191256186082613e-07,99.9999558087438,90-100%
905.0,177362149.0,5627.0,0.0,904.9712879268282,904.9712879268282,100.0,3.1726047703673234e-05,99.99682739522964,90-100%
106.0,517440284.0,5036.0,0.0,105.99896835245244,105.99896835245244,100.0,9.732524033633221e-06,99.99902674759664,90-100%
4.58722089268773e+26,1.7083230418588556e+16,320.0,7.836455149074649e+24,4.587220892687644e+26,4.5088563411968976e+26,98.29167695814114,1.8731820162760464e-14,99.99999999999812,90-100%
6136.0,5241.0,3792.0,0.0,1696.4441900400686,1696.4441900400686,100.0,0.723526044647968,27.647395535203206,25-50%
4138.0,2358.0,272.0,0.0,3660.6734520780324,3660.6734520780324,100.0,0.11535199321458864,88.46480067854114,75-90%
2306738838.0,5074.0,861.0,0.0,1915311534.1927474,1915311534.1927474,100.0,0.16968860859282617,83.03113914071739,75-90%
108.0,1553.0,1077.0,0.0,33.10238248551191,33.10238248551191,100.0,0.6934964584674823,30.65035415325177,25-50%
5397.0,905.0,128.0,0.0,4633.6674033149175,4633.6674033149175,100.0,0.1414364640883978,85.85635359116021,75-90%
1.4568984360784265e+35,6239751774834.0,1852.0,9.090684599575064e+29,1.4568984356460093e+35,1.4568893449614098e+35,99.99937602482251,2.968066786678016e-10,99.99999997031934,90-100%
87.0,5318.0,1553.0,0.0,61.593644227153064,61.593644227153064,100.0,0.2920270778488153,70.79729221511847,50-75%
8.713106064249763e+16,8015013.0,2.0,698356.0,8.713103890053398e+16,8.713103889983563e+16,99.9999999991985,2.495317225312049e-07,99.99997504682774,90-100%
2976.0,3124842405.0,2337.0,0.0,2975.997774315918,2975.997774315918,100.0,7.478777157723575e-07,99.99992521222842,90-100%
5371.0,4038.0,3749.0,0.0,384.40292223873206,384.40292223873206,100.0,0.928429915799901,7.157008420009905,0-10%
35.0,5600.0,6.0,0.0,34.9625,34.9625,100.0,0.0010714285714285715,99.89285714285714,90-100%
5100.0,5799.0,1076.0,0.0,4153.698913605794,4153.698913605794,100.0,0.18554923262631487,81.44507673736851,75-90%
559.0,4898.0,4119.0,0.0,88.90587995100041,88.90587995100041,100.0,0.8409554920375664,15.904450796243363,10-25%
5.5702891343343773e+20,9830251335372.0,34063.0,5475734201145790.0,5.5702891150326576e+20,5.570234357690646e+20,99.99901697486646,3.4651199484017035e-09,99.999999653488,90-100%
4460.0,4142.0,598.0,0.0,3816.0888459681314,3816.0888459681314,100.0,0.14437469821342347,85.56253017865765,75-90%
8112588.0,1295814196886.0,9835157423.0,10.0,8051013.909918504,8051003.909918504,99.9998757920417,0.00758994418075916,99.24100558192409,90-100%
7.0430871287187e+28,633614.0,0.0,4.4625986079759704e+16,7.0430871287187e+28,7.043087128714237e+28,99.99999999993663,0.0,100.0,90-100%
5397.0,3041954473.0,801.0,0.0,5396.998578875181,5396.998578875181,100.0,2.633175503149616e-07,99.99997366824496,90-100%
5673.0,5814.0,15.0,0.0,5658.363777089783,5658.363777089783,100.0,0.0025799793601651187,99.74200206398349,90-100%
26.0,5545.0,250.0,0.0,24.827772768259692,24.827772768259692,100.0,0.04508566275924256,95.49143372407575,90-100%
2.907203248516979e+27,18738366608919.0,23308364.0,5.4476172515199865e+22,2.9071996322918855e+27,2.907145156119371e+27,99.99812616333911,1.243884511732511e-06,99.99987561154883,90-100%
8.40600544259179e+31,6.0,1.0,420300272129589.0,7.005004535493158e+31,7.005004535493158e+31,100.0,0.16666666666666666,83.33333333333334,75-90%
2591.0,2591.0,34.0,0.0,2557.0,2557.0,100.0,0.013122346584330374,98.68776534156696,90-100%
5114.0,104263839.0,0.0,0.0,5114.0,5114.0,100.0,0.0,100.0,90-100%
2.0411497461305648e+17,5727224.0,0.0,1169012.0,2.0411497461305648e+17,2.0411497461188746e+17,99.99999999942727,0.0,100.0,90-100%
4083.0,2306738840.0,702.0,0.0,4082.9987574380116,4082.9987574380116,100.0,3.0432573806231137e-07,99.99996956742619,90-100%
3921.0,5999.0,350.0,0.0,3692.2368728121355,3692.2368728121355,100.0,0.058343057176196034,94.1656942823804,90-100%
2.0,1853595432.0,22493.0,0.0,1.999975730410626,1.999975730410626,100.0,1.2134794686956263e-05,99.9987865205313,90-100%
6135.0,1313373042.0,274.0,0.0,6134.998720097074,6134.998720097074,100.0,2.0862313389861705e-07,99.99997913768661,90-100%
100.0,1264337528.0,4257.0,0.0,99.99966330193436,99.99966330193436,100.0,3.36698065645015e-06,99.99966330193435,90-100%
1.0766278984148537e+27,48386.0,116.0,51968828656484.0,1.0740468039615795e+27,1.0740468039615276e+27,99.99999999999517,0.0023973876741206135,99.76026123258794,90-100%
2533896776017.0,7176952845723.0,61491.0,18185657.0,2533896754306.972,2533878568649.972,99.99928230473601,8.567842275380793e-09,99.99999914321577,90-100%
710652767257586.0,1264787777004559.0,158479403.0,898824821098.0,710652678211954.5,709753853390856.5,99.87352122229954,1.2530118165383626e-07,99.99998746988183,90-100%
29.0,3792478065.0,6258.0,0.0,28.999952146855726,28.999952146855726,100.0,1.650108423237512e-06,99.99983498915768,90-100%
1.8000369672921814e+32,266961209.0,88988471.0,3.2035750757020597e+22,1.200015196103663e+32,1.2000151957833055e+32,99.99999997330387,0.3333385825354125,66.66614174645875,50-75%
4122.0,4499.0,2555.0,0.0,1781.0997999555457,1781.0997999555457,100.0,0.5679039786619249,43.209602133807515,25-50%
4084.0,2358.0,781.0,0.0,2731.3265479219676,2731.3265479219676,100.0,0.33121289228159456,66.87871077184055,50-75%
2.20868645713928e+30,5.669207251298419e+16,35851.0,1.2521501278650702e+29,2.2086864571378832e+30,2.0834714443513762e+30,94.33079274870158,6.323811850729049e-13,99.99999999993676,90-100%
107.0,6213.0,1452.0,0.0,81.99372283920812,81.99372283920812,100.0,0.2337035248672139,76.62964751327861,75-90%
4.14632445724427e+20,8.474875358539098e+16,749810495614751.0,3.4828687211580883e+19,4.1096400522856366e+20,3.761353180169828e+20,91.5251246414609,0.008847451601270553,99.11525483987295,90-100%
4858.0,5398.0,299.0,0.0,4588.911078177102,4588.911078177102,100.0,0.05539088551315302,94.4609114486847,90-100%
1210.0,5623.0,1671.0,0.0,850.4214831940245,850.4214831940245,100.0,0.2971723279388227,70.28276720611774,50-75%
5467.0,4294967296.0,4458.0,0.0,5466.994325478096,5466.994325478096,100.0,1.0379590094089508e-06,99.99989620409906,90-100%
5724.0,1064470260.0,4555.0,0.0,5723.975506295497,5723.975506295497,100.0,4.279123777492853e-06,99.99957208762224,90-100%
3.0846959047892296e+26,918391053077496.0,0.0,2.8329571204232195e+23,3.0846959047892296e+26,3.0818629476688065e+26,99.90816089469224,0.0,100.0,90-100%
28142141643098.0,2088.0,1432.0,0.0,8841592393616.996,8841592393616.996,100.0,0.685823754789272,31.417624521072796,25-50%
4294967294.0,5298.0,1471.0,0.0,3102461274.8467345,3102461274.8467345,100.0,0.27765194412986033,72.23480558701397,50-75%
6187.0,5160.0,96.0,0.0,6071.893023255814,6071.893023255814,100.0,0.018604651162790697,98.13953488372093,90-100%
1938.0,577346972.0,5011.0,0.0,1937.9831794077547,1937.9831794077547,100.0,8.67935616366236e-06,99.99913206438363,90-100%
22102755.0,4943651869754.0,231305.0,109.0,22102753.965849966,22102644.965849966,99.99950684878378,4.67882864922505e-08,99.99999532117135,90-100%
101394.0,2092350113023095.0,169.0,212.0,101393.9999999918,101181.9999999918,99.79091464978202,8.077042123501184e-14,99.99999999999191,90-100%
4.132572519316032e+27,344303004.0,10.0,1.4228570913226324e+18,4.132572399288833e+27,4.1325723978659757e+27,99.9999999655697,2.9044184581090672e-08,99.99999709558153,90-100%
1048.0,3630.0,2167.0,0.0,422.3757575757576,422.3757575757576,100.0,0.5969696969696969,40.303030303030305,25-50%
5673.0,4586.0,4572.0,0.0,17.31836022677715,17.31836022677715,100.0,0.996947230702137,0.30527692978630616,0-10%
4118.0,3747.0,2975.0,0.0,848.4376834801175,848.4376834801175,100.0,0.7939685081398452,20.60314918601548,10-25%
3.0498580948358637e+38,13.0,2.0,3.35484390431945e+21,2.580649157168808e+38,2.580649157168808e+38,100.0,0.15384615384615385,84.61538461538461,75-90%
6135.0,4089.0,1710.0,0.0,3569.3727072633897,3569.3727072633897,100.0,0.4181951577402788,58.180484225972116,50-75%
4.375428846783208e+26,19585354097.0,0.0,8.569432329047748e+18,4.375428846783208e+26,4.375428761088885e+26,99.9999980414646,0.0,100.0,90-100%
5332.0,1332.0,1331.0,0.0,4.003003003003003,4.003003003003003,100.0,0.9992492492492493,0.07507507507507508,0-10%
4089.0,1168.0,26.0,0.0,3997.9777397260273,3997.9777397260273,100.0,0.02226027397260274,97.77397260273972,90-100%
5.052386218203928e+23,384155649328.0,196425.0,1.9409017158950054e+17,5.052383634837096e+23,5.05238169393538e+23,99.99996158443507,5.113161822391639e-07,99.99994886838178,90-100%
8292073964499224.0,3715779657509.0,29.0,30811519755.0,8292073964434508.0,8292043152914753.0,99.99962842203426,7.804553195557657e-12,99.99999999921954,90-100%
292.0,3566.0,561.0,0.0,246.0628154795289,246.0628154795289,100.0,0.15731912507010656,84.26808749298934,75-90%
1761649581.0,28142141643096.0,4118.0,49576.0,1761649580.7422204,1761600004.7422204,99.99718581944208,1.4632859333256368e-10,99.99999998536714,90-100%
408.0,5724.0,561.0,0.0,368.0125786163522,368.0125786163522,100.0,0.0980083857442348,90.19916142557652,90-100%
4533.0,2758.0,1047.0,0.0,2812.1693255982595,2812.1693255982595,100.0,0.37962291515591007,62.037708484408995,50-75%
1.8446744073709552e+19,5853.0,137.0,105441.0,1.8014964825785717e+19,1.801496482578561e+19,99.99999999999942,0.023406799931658978,97.65932000683411,90-100%
4120.0,5600.0,560.0,0.0,3708.0,3708.0,100.0,0.1,90.0,75-90%
4142.0,1348.0,268.0,0.0,3318.5163204747773,3318.5163204747773,100.0,0.19881305637982197,80.1186943620178,75-90%
3.402823669209385e+38,5012.0,400.0,1.569382276239368e+24,3.131249553550216e+38,3.1312495535502006e+38,99.9999999999995,0.07980845969672785,92.01915403032721,90-100%
136.0,250.0,49.0,0.0,109.344,109.344,100.0,0.196,80.4,75-90%
2.5830295536324194e+26,1.221190715965854e+16,3.0,3.154371709961334e+24,2.5830295536324187e+26,2.5514858365328053e+26,98.77880928403414,2.456618741673994e-16,99.99999999999997,90-100%
1.7342946531171875e+27,76453.0,3616.0,126320819649096.0,1.6522676631276285e+27,1.6522676631275023e+27,99.99999999999235,0.04729703216355146,95.27029678364485,90-100%
3707.0,2555.0,293.0,0.0,3281.8919765166343,3281.8919765166343,100.0,0.11467710371819961,88.53228962818004,75-90%
2.0,234984374435.0,792648.0,0.0,1.9999932536109952,1.9999932536109952,100.0,3.3731945024253417e-06,99.99966268054976,90-100%
9.685732544293741e+17,3.949832424438774e+16,202137865995601.0,3.806123512718252e+16,9.636164534901903e+17,9.255552183630077e+17,96.05016757556122,0.00511763144038503,99.4882368559615,90-100%
3565.0,6188.0,2757.0,0.0,1976.6507756948934,1976.6507756948934,100.0,0.4455397543632838,55.44602456367163,50-75%
100.0,4752.0,1451.0,0.0,69.46548821548822,69.46548821548822,100.0,0.30534511784511786,69.46548821548821,50-75%
860.0,4509.0,292.0,0.0,804.3069416722111,804.3069416722111,100.0,0.0647593701485917,93.52406298514083,90-100%
5933.0,1281615202.0,561.0,0.0,5932.997402954495,5932.997402954495,100.0,4.3772889017276183e-07,99.99995622711099,90-100%
320.0,5547.0,2913.0,0.0,151.95240670632774,151.95240670632774,100.0,0.5251487290427258,47.48512709572742,25-50%
2792729264347.0,14969.0,153.0,0.0,2764184433199.6226,2764184433199.6226,100.0,0.010221123655554814,98.97788763444451,90-100%
4.0678028570504618e+37,891027498312.0,7084089.0,3.624495386666605e+31,4.0677705160985515e+37,4.067766891603165e+37,99.99991089725017,7.950471801847189e-06,99.99920495281982,90-100%
6.509548870589842e+27,38263636507786.0,0.0,2.4907901181391855e+23,6.509548870589842e+27,6.509299791578029e+27,99.99617363634923,0.0,100.0,90-100%
8.138144630712433e+19,3587721594.0,2010296977.0,128373096771.0,3.578123146082713e+19,3.5781231332454035e+19,99.99999964122784,0.5603269162138895,43.96730837861105,25-50%
9911065.0,98566665766422.0,5813841787857.0,919.0,9326472.192572437,9325553.192572437,99.99014632777512,0.05898385364514947,94.10161463548505,90-100%
1.5594980092028057e+21,443678870.0,0.0,691916314490.0,1.5594980092028057e+21,1.5594980085108895e+21,99.99999995563212,0.0,100.0,90-100%
1.8090005858558267e+24,93588630.0,59426126.0,61799989750302.0,6.603365147059213e+23,6.603365146441212e+23,99.99999999064114,0.6349716413201048,36.50283586798952,25-50%
6195.0,5218.0,686.0,0.0,5380.555768493676,5380.555768493676,100.0,0.1314679954005366,86.85320045994635,75-90%
4119.0,1725540767.0,5122.0,0.0,4118.98777338768,4118.98777338768,100.0,2.9683448214932843e-06,99.99970316551784,90-100%
2.151116569394988e+21,12335122198272.0,1426806479.0,2.653121651915653e+16,2.1508677492366657e+21,2.1508412180201467e+21,99.99876648778017,0.00011567023464103811,99.9884329765359,90-100%
18886.0,297478.0,2.0,0.0,18885.873025904435,18885.873025904435,100.0,6.723186252428751e-06,99.99932768137477,90-100%
1.1081713473144587e+36,9.238344036718213e+17,10282626895153.0,1.0237554208999515e+36,1.1081590129475472e+36,8.440359204759572e+34,7.61655963281786,1.1130378836601277e-05,99.99888696211634,90-100%
1204079921.0,35336269.0,3038.0,0.0,1203976401.4461954,1203976401.4461954,100.0,8.597398893471182e-05,99.99140260110653,90-100%
3067.0,1761649581.0,1064470261.0,0.0,1213.7765634560667,1213.7765634560667,100.0,0.6042463112304967,39.575368876950336,25-50%
2557.0,2759.0,2728.0,0.0,28.730337078651687,28.730337078651687,100.0,0.9887640449438202,1.1235955056179776,0-10%
2718.0,6212.0,4533.0,0.0,734.6300708306503,734.6300708306503,100.0,0.7297166773985834,27.028332260141664,25-50%
1.34666601933843e+24,3024523338421.0,1189089315354.0,2.4717166296019574e+18,8.172251799823623e+23,8.172227082657327e+23,99.99969754766616,0.39314932711836265,60.68506728816373,50-75%
4141.0,4752.0,441.0,0.0,3756.7026515151515,3756.7026515151515,100.0,0.0928030303030303,90.71969696969697,90-100%
2461.0,4118.0,286.0,0.0,2290.0806216610004,2290.0806216610004,100.0,0.06945118989800875,93.05488101019913,90-100%
15134.0,318888352869645.0,27087531687922.0,4.0,13848.463225527124,13844.463225527124,99.97111592864235,0.08494362194217493,91.5056378057825,90-100%
1086.0,5701.0,5034.0,0.0,127.05876162076828,127.05876162076828,100.0,0.8830029819329942,11.699701806700578,10-25%
4.413968231652495e+37,2.8939802329290092e+16,137199.0,1.2773936811118372e+36,4.413968231631569e+37,4.2862288635203855e+37,97.10601976707099,4.740840951119433e-12,99.99999999952591,90-100%
4908.0,6049.0,293.0,0.0,4670.267482228467,4670.267482228467,100.0,0.048437758307158206,95.15622416928417,90-100%
292.0,782.0,391.0,0.0,146.0,146.0,100.0,0.5,50.0,25-50%
58757886131711.0,218693954172.0,443.0,12849994.0,58757886012687.39,58757873162693.39,99.99997813060531,2.025661850951701e-09,99.99999979743382,90-100%
2086.0,5398.0,2240.0,0.0,1220.3756947017414,1220.3756947017414,100.0,0.4149685068543905,58.50314931456096,50-75%
5890.0,4899.0,7.0,0.0,5881.583996734027,5881.583996734027,100.0,0.0014288630332720963,99.8571136966728,90-100%
106.0,5941.0,1711.0,0.0,75.47214273691297,75.47214273691297,100.0,0.28799865342534925,71.20013465746507,50-75%
577346973.0,3673.0,67.0,0.0,566815460.0157909,566815460.0157909,100.0,0.018241219711407568,98.17587802885924,90-100%
252.0,416.0,12.0,0.0,244.73076923076923,244.73076923076923,100.0,0.028846153846153848,97.11538461538461,90-100%
2002.0,3673.0,391.0,0.0,1788.8821127144024,1788.8821127144024,100.0,0.10645249115164715,89.35475088483528,75-90%
1.807635662772073e+21,3.5841920935936576e+16,25424.0,6.4789134506009985e+19,1.8076356627707907e+21,1.742846528264781e+21,96.41580790640634,7.093369812807343e-13,99.99999999992907,90-100%
2275.0,991.0,300.0,0.0,1586.3017154389506,1586.3017154389506,100.0,0.30272452068617556,69.72754793138243,50-75%
314.0,3094.0,1789.0,0.0,132.44020685197157,132.44020685197157,100.0,0.5782159017453136,42.17840982546865,25-50%
1.4158268698765555e+21,1756957114722.0,0.0,2487547092244193.0,1.4158268698765555e+21,1.4158243823294632e+21,99.99982430428852,0.0,100.0,90-100%
3.402823669209385e+38,6018.0,4.0,2.046458154662524e+24,3.4005619053880428e+38,3.4005619053880224e+38,99.9999999999994,0.0006646726487205051,99.93353273512795,90-100%
1190.0,4860.0,2729.0,0.0,521.7880658436214,521.7880658436214,100.0,0.561522633744856,43.84773662551441,25-50%
5655.0,3915.0,782.0,0.0,4525.444444444444,4525.444444444444,100.0,0.19974457215836527,80.02554278416348,75-90%
5397.0,3096.0,989.0,0.0,3672.9583333333335,3672.9583333333335,100.0,0.3194444444444444,68.05555555555556,50-75%
439.0,177362148.0,58.0,0.0,438.99985644062,438.99985644062,100.0,3.2701453299945376e-07,99.9999672985467,90-100%
5445.0,274.0,225.0,0.0,973.7408759124088,973.7408759124088,100.0,0.8211678832116789,17.88321167883212,10-25%
67503726224346.0,741918872281073.0,259580308374.0,50064765797.0,67480108226847.38,67430043461050.38,99.92580811277199,0.00034987694486852066,99.96501230551314,90-100%
5578477790975.0,25.0,0.0,0.0,5578477790975.0,5578477790975.0,100.0,0.0,100.0,90-100%
126.0,5852.0,612.0,0.0,112.82296650717703,112.82296650717703,100.0,0.10457963089542037,89.54203691045797,75-90%
23.0,3019.0,99.0,0.0,22.245776747267307,22.245776747267307,100.0,0.03279231533620404,96.7207684663796,90-100%
5.315830440367941e+31,6177459996636766.0,9195796.0,3.283832984539366e+29,5.315830432454771e+31,5.282992102609377e+31,99.38225400033632,1.4886047024192025e-09,99.99999985113953,90-100%
2.013622138936387e+25,9001168638.0,478.0,1.812495148326531e+17,2.0136220320045627e+25,2.0136220138796113e+25,99.99999909988314,5.3104215599521135e-08,99.99999468957844,90-100%
3253.0,3316.0,15.0,0.0,3238.2849819059106,3238.2849819059106,100.0,0.004523522316043426,99.54764776839565,90-100%
1469.0,4128.0,949.0,0.0,1131.2865794573643,1131.2865794573643,100.0,0.22989341085271317,77.01065891472868,75-90%
4089.0,5623.0,5316.0,0.0,223.2479103681309,223.2479103681309,100.0,0.9454028098879602,5.459719011203984,0-10%
3066.0,107477463.0,685.0,0.0,3065.980459066102,3065.980459066102,100.0,6.3734291904527e-06,99.99936265708097,90-100%
4.802364894384778e+19,88859698844505.0,31373523.0,4267365475893489.0,4.802363198823039e+19,4.80193646227545e+19,99.99111403011555,3.5306807706945213e-07,99.99996469319228,90-100%
2.917044562061697e+37,532196092257858.0,4232960.0,1.552439704523537e+34,2.9170445388602247e+37,2.915492099155701e+37,99.94678039077421,7.95376001736792e-09,99.999999204624,90-100%
927676.0,80995396.0,2.0,0.0,927675.9770931178,927675.9770931178,100.0,2.469276154906385e-08,99.99999753072385,90-100%
3317.0,5700.0,270.0,0.0,3159.878947368421,3159.878947368421,100.0,0.04736842105263158,95.26315789473684,90-100%
20.0,6856177703351600.0,46051943.0,0.0,19.999999865662925,19.999999865662925,100.0,6.716853762044089e-09,99.99999932831463,90-100%
4294967295.0,3672.0,257.0,0.0,3994366370.486111,3994366370.486111,100.0,0.06998910675381263,93.00108932461873,90-100%
4.25736365619915e+36,594910559.0,1.0,2.532750588318357e+27,4.257363649042841e+36,4.257363646510091e+36,99.99999994050894,1.6809249472406826e-09,99.9999998319075,90-100%
7117085.0,100504557268939.0,63901.0,715.0,7117084.995474943,7116369.995474943,99.98995375212668,6.358020147186763e-10,99.9999999364198,90-100%
1789.0,99.0,1.0,0.0,1770.9292929292928,1770.9292929292928,100.0,0.010101010101010102,98.98989898989899,90-100%
28142141643098.0,1592.0,320.0,0.0,22485429755038.1,22485429755038.1,100.0,0.20100502512562815,79.89949748743719,75-90%
167245.0,1483595513217.0,1986.0,0.0,167244.9997761192,167244.9997761192,100.0,1.338639799262803e-09,99.99999986613602,90-100%
5939.0,122930194432.0,972931587.0,0.0,5891.995757292247,5891.995757292247,100.0,0.007914504581201052,99.2085495418799,90-100%
1332.0,5333.0,288.0,0.0,1260.0675042190137,1260.0675042190137,100.0,0.05400337521095069,94.59966247890493,90-100%
2682.0,4984.0,4255.0,0.0,392.29093097913324,392.29093097913324,100.0,0.8537319422150883,14.626805778491173,10-25%
118026276146.0,1.4136701950881283e+17,1723607.0,16685022882.0,118026276144.56097,101341253262.56097,85.86329804935653,1.2192426536180528e-11,99.99999999878077,90-100%
300.0,2286.0,20.0,0.0,297.37532808398953,297.37532808398953,100.0,0.008748906386701663,99.12510936132983,90-100%
177362149.0,1673.0,861.0,0.0,86083720.85355648,86083720.85355648,100.0,0.5146443514644351,48.53556485355649,25-50%
988.0,4948.0,106.0,0.0,966.8342764753436,966.8342764753436,100.0,0.021422797089733225,97.85772029102667,90-100%
9303499572211896.0,2.8539549884656304e+17,98908710179.0,2655175981233057.0,9303496347924384.0,6648320366691327.0,71.46045011534369,3.465671693447983e-07,99.99996534328307,90-100%
517440283.0,4571.0,4459.0,0.0,12678475.54058193,12678475.54058193,100.0,0.9754977029096478,2.4502297090352223,0-10%
4499.0,2461.0,26.0,0.0,4451.468915075173,4451.468915075173,100.0,0.010564811052417716,98.94351889475823,90-100%
5668.0,2287.0,257.0,0.0,5031.062527328378,5031.062527328378,100.0,0.11237428946217752,88.76257105378225,75-90%
4555.0,4946.0,2317.0,0.0,2421.1676101900525,2421.1676101900525,100.0,0.4684593610998787,53.154063890012125,50-75%
99777.0,9397361155183072.0,26178519625444.0,935.0,99499.04812504974,98564.04812504974,99.06029251774861,0.002785730929475383,99.72142690705246,90-100%
4898.0,6279.0,244.0,0.0,4707.665233317407,4707.665233317407,100.0,0.03885969103360408,96.11403089663959,90-100%
684.0,5013.0,759.0,0.0,580.4380610412926,580.4380610412926,100.0,0.15140634350688212,84.8593656493118,75-90%
122334705061.0,459161.0,18.0,0.0,122329909303.75777,122329909303.75777,100.0,3.9201935704469676e-05,99.99607980642955,90-100%
6027.0,686.0,160.0,0.0,4621.285714285715,4621.285714285715,100.0,0.23323615160349853,76.67638483965014,75-90%
3124842406.0,6000.0,3094.0,0.0,1513465338.6393332,1513465338.6393332,100.0,0.5156666666666667,48.43333333333334,25-50%
4.7759870990818326e+33,7.474099337720515e+17,8209527865761611.0,3.530411602244495e+33,4.72352780277766e+33,1.1931162005331647e+33,25.259006622794843,0.010983969432048506,98.90160305679514,90-100%
880824792.0,5396.0,3341.0,0.0,335451250.4744255,335451250.4744255,100.0,0.6191623424759081,38.08376575240919,25-50%
2233625729.0,177362148.0,5354.0,0.0,2233558302.932556,2233558302.932556,100.0,3.0186824304811646e-05,99.99698131756952,90-100%
5398.0,5546.0,781.0,0.0,4637.8416877028485,4637.8416877028485,100.0,0.14082221420843852,85.91777857915615,75-90%
4139.0,5942.0,2757.0,0.0,2218.565297879502,2218.565297879502,100.0,0.4639851901716594,53.60148098283406,50-75%
5.522223097697211e+23,171517685842.0,702049218.0,9.432820540129064e+16,5.4996197586402046e+23,5.4996188153581504e+23,99.99998284823141,0.004093159341286351,99.59068406587136,90-100%
681.0,874729608987.0,842867.0,0.0,680.9993438058789,680.9993438058789,100.0,9.635743335315936e-07,99.99990364256665,90-100%
1e+18,3339.0,905.0,2434.0,7.289607666966158e+17,7.289607666966134e+17,99.99999999999967,0.27103923330338425,72.89607666966158,50-75%
5800.0,1470.0,760.0,0.0,2801.360544217687,2801.360544217687,100.0,0.5170068027210885,48.29931972789115,25-50%
1350.0,2337.0,2240.0,0.0,56.033376123234916,56.033376123234916,100.0,0.9584937954642704,4.150620453572957,0-10%
5800.0,5318.0,240.0,0.0,5538.247461451673,5538.247461451673,100.0,0.04512974802557353,95.48702519744265,90-100%
1.6872863428250712e+24,988112028765.0,405.0,1.6672279306330074e+18,1.6872863421334988e+24,1.6872846749055683e+24,99.99990118879712,4.098725531215247e-10,99.99999995901274,90-100%
441.0,2306738838.0,5629.0,0.0,440.99892385346834,440.99892385346834,100.0,2.44024156843021e-06,99.99975597584316,90-100%
3.0244101839626323e+17,5203.0,3.0,1572.0,3.0226663379984026e+17,3.0226663379983866e+17,99.99999999999947,0.0005765904285988853,99.9423409571401,90-100%
61285297799795.0,669368910858986.0,355.0,41022473039.0,61285297799762.5,61244275326723.5,99.93306310891556,5.303502959891527e-13,99.99999999994697,90-100%
5836300161371.0,13879185231312.0,47.0,81003091.0,5836300161351.236,5836219158260.236,99.99861208147695,3.386365929749688e-12,99.99999999966136,90-100%
7.397964825204827e+26,878163270200.0,305236870371.0,4.238489353366179e+20,4.826539092668805e+26,4.826534854179452e+26,99.99991218367298,0.3475855580950031,65.24144419049969,50-75%
40574325006.0,94834089193134.0,2.0,3847829.0,40574325005.999146,40570477176.999146,99.99051659146657,2.1089462839959456e-14,99.9999999999979,90-100%
1.1758863672955743e+20,29231514926.0,3.0,3437293989335.0,1.1758863671748942e+20,1.1758863328019544e+20,99.9999970768485,1.0262896081829981e-10,99.9999999897371,90-100%
12069.0,4238769826414.0,247025.0,0.0,12068.999296648592,12068.999296648592,100.0,5.827752157256984e-08,99.99999417224784,90-100%
5942.0,6027.0,2639.0,0.0,3340.218350754936,3340.218350754936,100.0,0.437862950058072,56.2137049941928,50-75%
196.0,66.0,1.0,0.0,193.03030303030303,193.03030303030303,100.0,0.015151515151515152,98.48484848484848,90-100%
5667.0,3041954474.0,719206528.0,0.0,4327.156347173524,4327.156347173524,100.0,0.23642908996408604,76.35709100359139,75-90%
6173.0,5121.0,225.0,0.0,5901.7785588752195,5901.7785588752195,100.0,0.043936731107205626,95.60632688927943,90-100%
5723.0,1672.0,1432.0,0.0,821.4832535885167,821.4832535885167,100.0,0.8564593301435407,14.354066985645932,10-25%
5071590112.0,75500293.0,34.0,0.0,5071587828.113978,5071587828.113978,100.0,4.5032937819194953e-07,99.99995496706218,90-100%
4.108934734581198e+18,1.5890278723817274e+17,38099560357.0,6.529210253560868e+17,4.1089337493964216e+18,3.456012724040335e+18,84.10972127618273,2.397664699228602e-07,99.99997602335301,90-100%
1.9486986220263936e+21,12166766.0,1163.0,23707093802.0,1.9485123493145312e+21,1.948512349290824e+21,99.99999999878332,9.558826067666625e-05,99.99044117393233,90-100%
3114.0,5013.0,4142.0,0.0,541.0520646319569,541.0520646319569,100.0,0.8262517454617994,17.374825453820065,10-25%
2.0,647624871965577.0,101.0,0.0,1.999999999999688,1.999999999999688,100.0,1.5595447978002984e-13,99.9999999999844,90-100%
3599.0,3041954474.0,2759.0,0.0,3598.99673576936,3598.99673576936,100.0,9.069826730089321e-07,99.9999093017327,90-100%
1046363172.0,5933.0,264.0,0.0,999803273.5661554,999803273.5661554,100.0,0.04449688184729479,95.55031181527052,90-100%
5629.0,4129.0,2242.0,0.0,2572.5170743521435,2572.5170743521435,100.0,0.542988617098571,45.70113829014289,25-50%
3792478065.0,4804.0,210.0,0.0,3626695301.9587846,3626695301.9587846,100.0,0.043713572023313906,95.6286427976686,90-100%
5701.0,4595.0,2590.0,0.0,2487.596300326442,2487.596300326442,100.0,0.5636561479869423,43.63438520130577,25-50%
2.527331654554045e+29,123373.0,2.0,3.1179943355398708e+16,2.5272906839745088e+29,2.527290683974197e+29,99.99999999998766,1.6211002407333858e-05,99.99837889975926,90-100%
5589.0,2888.0,1594.0,0.0,2504.212603878116,2504.212603878116,100.0,0.5519390581717452,44.80609418282548,25-50%
4.237196817192917e+16,2066239387059.0,201.0,87550629535.0,4.2371968167807304e+16,4.237188061717777e+16,99.99979337606129,9.727817660377441e-11,99.99999999027219,90-100%
218578.0,6942771884.0,694.0,0.0,218577.97815092668,218577.97815092668,100.0,9.996007525457681e-08,99.99999000399248,90-100%
765671563223690.0,3682491250.0,16370244.0,2807044.0,762267826605488.0,762267823798444.0,99.99999963175095,0.004445426448739016,99.5554573551261,90-100%
992.0,5333.0,226.0,0.0,949.9613725857866,949.9613725857866,100.0,0.04237764860303769,95.76223513969623,90-100%
7.0701367263100945e+25,911114492.0,1.0,6.441704024692429e+16,7.070136718550217e+25,7.070136712108513e+25,99.99999990888855,1.0975569028705561e-09,99.99999989024431,90-100%
1.29578108236196e+21,26937941193378.0,1518.0,3.4905674594191184e+16,1.2957810822889404e+21,1.2957461766143463e+21,99.99730620588066,5.635174526155552e-11,99.99999999436483,90-100%
64.0,4571.0,3253.0,0.0,18.453730037190986,18.453730037190986,100.0,0.7116604681688908,28.833953183110918,25-50%
195.0,4294967296.0,433.0,0.0,194.9999803409446,194.9999803409446,100.0,1.0081566870212555e-07,99.99998991843313,90-100%
2590.0,392.0,160.0,0.0,1532.857142857143,1532.857142857143,100.0,0.40816326530612246,59.183673469387756,50-75%
2793.0,14353482803688.0,235160.0,0.0,2792.99995424094,2792.99995424094,100.0,1.6383480108366294e-08,99.99999836165199,90-100%
800.0,177362147.0,337.0,0.0,799.9984799462311,799.9984799462311,100.0,1.900067211071819e-06,99.99980999327889,90-100%
611.0,2888.0,1957.0,0.0,196.9671052631579,196.9671052631579,100.0,0.6776315789473685,32.23684210526316,25-50%
859.0,415.0,62.0,0.0,730.6674698795181,730.6674698795181,100.0,0.1493975903614458,85.06024096385542,75-90%
9.198641166651456e+29,600644380506091.0,59785271354414.0,4.97516886680105e+26,8.283052382191723e+29,8.278077213324923e+29,99.9399355619494,0.09953522133019894,90.0464778669801,90-100%
7.819481593324453e+29,271663167609653.0,8.0,2.124265138707835e+26,7.819481593324222e+29,7.817357328185515e+29,99.97283368323903,2.944823205291867e-14,99.99999999999706,90-100%
18826.0,54621.0,2.0,0.0,18825.31066805807,18825.31066805807,100.0,3.661595357097087e-05,99.9963384046429,90-100%
4754.0,1725540767.0,8.0,0.0,4753.999977959374,4753.999977959374,100.0,4.636227757115633e-09,99.99999953637723,90-100%
3.4474763739330304e+16,4168250.0,15.0,143698.0,3.4474639677324404e+16,3.4474639677180708e+16,99.99999999958318,3.598632519642536e-06,99.99964013674804,90-100%
1046363172.0,4202.0,3791.0,0.0,102345374.51023322,102345374.51023322,100.0,0.9021894336030462,9.781056639695382,0-10%
1841488759.0,302517122393986.0,3906675159798.0,549887.0,1817707961.6193373,1817158074.6193373,99.96974833077641,0.012913897662658927,98.7086102337341,90-100%
8026122822.0,6505334312780.0,461596370.0,52208.0,8025553315.656178,8025501107.656178,99.99934947787465,7.095659466619182e-05,99.99290434053339,90-100%
2.67347027523148e+20,563.0,22.0,144634.0,2.5690007440501434e+20,2.5690007440501418e+20,99.99999999999994,0.03907637655417407,96.0923623445826,90-100%
6153.0,2555.0,230.0,0.0,5599.109589041096,5599.109589041096,100.0,0.09001956947162426,90.99804305283757,90-100%
5882.0,4595.0,301.0,0.0,5496.6937976060935,5496.6937976060935,100.0,0.06550598476605006,93.449401523395,90-100%
13.0,177362147.0,108.0,0.0,12.999992083992984,12.999992083992984,100.0,6.089236166046186e-07,99.99993910763834,90-100%
1939.0,4532.0,704.0,0.0,1637.7961165048544,1637.7961165048544,100.0,0.1553398058252427,84.46601941747572,75-90%
5628.0,5468.0,0.0,0.0,5628.0,5628.0,100.0,0.0,100.0,90-100%
1637714304.0,3708.0,2556.0,0.0,508804443.9611651,508804443.9611651,100.0,0.6893203883495146,31.06796116504854,25-50%
37.0,5933.0,4554.0,0.0,8.599865160964098,8.599865160964098,100.0,0.7675712118658352,23.242878813416485,10-25%
409465091043840.0,3258.0,2.0,1.0,409213731258054.94,409213731258053.94,99.99999999999976,0.0006138735420503376,99.93861264579496,90-100%
49.0,2730.0,1830.0,0.0,16.153846153846153,16.153846153846153,100.0,0.6703296703296703,32.967032967032964,25-50%
4.624832004992574e+26,657.0,102.0,256678176277.0,3.906821556728887e+26,3.906821556728884e+26,99.99999999999993,0.1552511415525114,84.47488584474885,75-90%
1.2585041407459651e+33,112144040863.0,283319936.0,1.4077718047345832e+26,1.2553246645128279e+33,1.2553245237356473e+33,99.99998878559592,0.0025263931442074204,99.74736068557925,90-100%
2957397980.0,6051.0,860.0,0.0,2537076997.881342,2537076997.881342,100.0,0.14212526855065277,85.78747314493472,75-90%
903.0,4828.0,2335.0,0.0,466.27568351284174,466.27568351284174,100.0,0.4836371168185584,51.63628831814416,50-75%
1264337527.0,1432.0,251.0,0.0,1042725292.8680167,1042725292.8680167,100.0,0.17527932960893855,82.47206703910615,75-90%
1575457.0,3448179727.0,9147.0,0.0,1575452.8207789848,1575452.8207789848,100.0,2.652703955184526e-06,99.99973472960448,90-100%
1276.0,5654.0,534.0,0.0,1155.4863813229572,1155.4863813229572,100.0,0.0944464096215069,90.55535903784931,90-100%
1.745966519415951e+16,1745208245800510.0,10330307606734.0,30290387953597.0,1.735631723405202e+16,1.7326026846098422e+16,99.82547917541994,0.005919240658867956,99.4080759341132,90-100%
198722792491.0,568489308427.0,4205769661.0,112136.0,197252611294.5929,197252499158.5929,99.99994315106944,0.007398150851134371,99.26018491488657,90-100%
686.0,2367.0,2359.0,0.0,2.318546683565695,2.318546683565695,100.0,0.9966201943388255,0.33798056611744826,0-10%
577346973.0,6256.0,5723.0,0.0,49188928.48609335,49188928.48609335,100.0,0.9148017902813299,8.519820971867007,0-10%
1138.0,4842.0,210.0,0.0,1088.6443618339529,1088.6443618339529,100.0,0.04337050805452292,95.6629491945477,90-100%
938.0,4038.0,138.0,0.0,905.9435364041605,905.9435364041605,100.0,0.03417533432392273,96.58246656760772,90-100%
2.1712694568384507e+21,685490.0,3.0,1488376986.0,2.1712599544264964e+21,2.171259954425008e+21,99.99999999993145,4.376431457789319e-06,99.99956235685423,90-100%
5772.0,5983.0,5397.0,0.0,565.3337790406151,565.3337790406151,100.0,0.9020558248370383,9.794417516296171,0-10%
27026.0,1921468206979797.0,3508.0,51.0,27025.999999950658,26974.999999950658,99.81129282912717,1.8256872464801e-12,99.99999999981743,90-100%
5882.0,4537.0,2556.0,0.0,2568.2702226140623,2568.2702226140623,100.0,0.5633678642274631,43.66321357725369,25-50%
4986.0,2975.0,101.0,0.0,4816.727394957983,4816.727394957983,100.0,0.03394957983193277,96.60504201680672,90-100%
6172.0,3629.0,1554.0,0.0,3529.043813722789,3529.043813722789,100.0,0.42821713970790853,57.17828602920915,50-75%
3542.0,4859.0,3149.0,0.0,1246.5157439802429,1246.5157439802429,100.0,0.6480757357480963,35.19242642519037,25-50%
8.030571728009942e+25,28032066618.0,2752.0,2.2511349956006868e+18,8.030570939622354e+25,8.030570714508855e+25,99.99999719679334,9.817328267309699e-08,99.99999018267172,90-100%
4.98195407859698e+24,16617333708375.0,569.0,8.278679344101115e+19,4.981954078426391e+24,4.981871291632951e+24,99.99833826662916,3.424135363624723e-11,99.99999999657587,90-100%
6.531091482636661e+31,175118474727.0,67349445.0,1.1432749133552333e+25,6.528579666637318e+31,6.528578523362405e+31,99.99998248815253,0.0003845936021598752,99.961540639784,90-100%
2.757657420837808e+20,46725.0,3.0,12884327.0,2.7574803641815745e+20,2.7574803641814457e+20,99.99999999999532,6.420545746388443e-05,99.9935794542536,90-100%
16605611395198.0,3826961880769.0,537403.0,63549032.0,16605609063346.871,16605545514314.871,99.9996173038173,1.4042549070073643e-07,99.99998595745093,90-100%
3.0317807671432064e+38,108835.0,111.0,3.2962733212687794e+25,3.028688676683769e+38,3.028688676683439e+38,99.99999999998911,0.0010198924978177975,99.89801075021822,90-100%
177570952221396.0,164957.0,0.0,29.0,177570952221396.0,177570952221367.0,99.99999999998367,0.0,100.0,90-100%
1.5379371445178633e+20,3429490976163762.0,18866.0,5.2743415590020614e+17,1.537937144509403e+20,1.532662802950401e+20,99.65705090238363,5.501107928589321e-12,99.99999999944988,90-100%
28142141643096.0,5317.0,1900.0,0.0,18085705848120.938,18085705848120.938,100.0,0.3573443671243182,64.26556328756817,50-75%
3.0,10032625584983.0,483896.0,0.0,2.9999998553032814,2.9999998553032814,100.0,4.823223949713658e-08,99.99999517677605,90-100%
5655.0,3341.0,23.0,0.0,5616.070038910506,5616.070038910506,100.0,0.006884166417240347,99.31158335827597,90-100%
4016929596.0,4848487350.0,0.0,19.0,4016929596.0,4016929577.0,99.99999952700192,0.0,100.0,90-100%
254287493.0,5.5177177348024696e+16,1.0,14030866.0,254287493.0,240256627.0,94.48228230399047,1.812343523287893e-17,100.0,90-100%
5627.0,5034.0,14.0,0.0,5611.350814461661,5611.350814461661,100.0,0.0027810885975367503,99.72189114024633,90-100%
493746365790.0,1.0,0.0,0.0,493746365790.0,493746365790.0,100.0,0.0,100.0,90-100%
5370.0,5371.0,4085.0,0.0,1285.7605660026065,1285.7605660026065,100.0,0.7605660026065909,23.943399739340904,10-25%
3708.0,2463.0,337.0,0.0,3200.652862362972,3200.652862362972,100.0,0.1368250101502233,86.31749898497768,75-90%
176600862952500.0,9885892172720.0,23233371608.0,1741754055.0,176185823682034.25,176184081927979.25,99.99901141078288,0.002350154260443201,99.76498457395569,90-100%
62802817511922.0,1657.0,144.0,0.0,57344998729956.54,57344998729956.54,100.0,0.08690404345202173,91.30959565479783,90-100%
5.284855292201044e+26,2.0,1.0,528485529.0,2.642427646100522e+26,2.642427646100522e+26,100.0,0.5,50.0,25-50%
882.0,2.094020806501084e+16,1920995.0,18.0,881.9999999190878,863.9999999190878,97.95918367328217,9.173714960405794e-11,99.99999999082628,90-100%
2.5527648283904027e+28,251426224743612.0,2.0,6.418320234604685e+24,2.5527648283903824e+28,2.552122996366922e+28,99.97485737752564,7.954619698241378e-15,99.9999999999992,90-100%
136.0,3718.0,2889.0,0.0,30.32383001613771,30.32383001613771,100.0,0.7770306616460463,22.296933835395375,10-25%
29284.0,3599.0,3095.0,0.0,4100.899138649625,4100.899138649625,100.0,0.8599611003056404,14.003889969435953,10-25%
6126.0,6000.0,4130.0,0.0,1909.27,1909.27,100.0,0.6883333333333334,31.166666666666664,25-50%
10838243.0,7030593319519609.0,364041498350061.0,72253.0,10277042.822164703,10204789.822164703,99.29694756312418,0.05177962681177176,94.82203731882282,90-100%
1048.0,4433.0,4129.0,0.0,71.86826077148658,71.86826077148658,100.0,0.931423415294383,6.857658470561696,0-10%
3055.0,5999.0,5123.0,0.0,446.10435072512087,446.10435072512087,100.0,0.8539756626104351,14.602433738956494,10-25%
4294967294.0,1313373041.0,5702.0,5.0,4294948647.429113,4294948642.429113,99.99999988358417,4.34149310363376e-06,99.99956585068963,90-100%
82107037186.0,1080205302.0,1740.0,88.0,82106904927.58168,82106904839.58168,99.99999989282266,1.6108049060473876e-06,99.9998389195094,90-100%
4.379844514878004e+24,2732646302.0,0.0,1.1968565916916362e+16,4.379844514878004e+24,4.379844502909438e+24,99.99999972673537,0.0,100.0,90-100%
14.0,5356.0,5298.0,0.0,0.15160567587752055,0.15160567587752055,100.0,0.9891710231516057,1.0828976848394325,0-10%
3913.0,3628.0,336.0,0.0,3550.6052921719956,3550.6052921719956,100.0,0.0926130099228225,90.73869900771776,90-100%
2.1226852324704763e+24,1920214178.0,2.0,4076010274575664.0,2.1226852302595925e+24,2.122685226183582e+24,99.99999980797858,1.0415504806256044e-09,99.99999989584495,90-100%
4103.0,4171.0,194.0,0.0,3912.1627906976746,3912.1627906976746,100.0,0.046511627906976744,95.34883720930233,90-100%
1.093133038594326e+34,5327539168964552.0,669241383.0,5.823708348430645e+31,1.0931329012757923e+34,1.0873091929273617e+34,99.46724608310355,1.2561923277798672e-07,99.99998743807672,90-100%
98.0,1719639409.0,5497.0,0.0,97.9996867331621,97.9996867331621,100.0,3.196600386819816e-06,99.99968033996132,90-100%
417.0,4169.0,2242.0,0.0,192.74622211561527,192.74622211561527,100.0,0.5377788438474455,46.222115615255454,25-50%
5588.0,517440285.0,359.0,0.0,5587.996123046353,5587.996123046353,100.0,6.937998652346908e-07,99.99993062001347,90-100%
6001.0,5882.0,11.0,0.0,5989.777456647399,5989.777456647399,100.0,0.001870112206732404,99.81298877932676,90-100%
2.0,90610763439508.0,2711264.0,0.0,1.999999940155807,1.999999940155807,100.0,2.9922096416393706e-08,99.99999700779036,90-100%
2.0,19773.0,57.0,0.0,1.9942345622818995,1.9942345622818995,100.0,0.00288271885905022,99.71172811409498,90-100%
439679702391.0,124675.0,2347.0,0.0,431402756238.91113,431402756238.91113,100.0,0.01882494485662723,98.11750551433728,90-100%
1210.0,5547.0,244.0,0.0,1156.7748332431945,1156.7748332431945,100.0,0.04398774112132684,95.60122588786732,90-100%
5827.0,1350.0,1046.0,0.0,1312.154074074074,1312.154074074074,100.0,0.7748148148148148,22.51851851851852,10-25%
6212.0,5396.0,14.0,0.0,6195.882876204596,6195.882876204596,100.0,0.0025945144551519643,99.7405485544848,90-100%
3.7858085940950865e+34,3581660630.0,0.0,1.355948159418602e+26,3.7858085940950865e+34,3.785808580535605e+34,99.99999964183394,0.0,100.0,90-100%
6258.0,880824791.0,234.0,0.0,6257.998337499109,6257.998337499109,100.0,2.6566009766180616e-07,99.99997343399023,90-100%
1898.0,2233625730.0,1046.0,0.0,1897.9991111724883,1897.9991111724883,100.0,4.682968977081044e-07,99.99995317031023,90-100%
27.0,2.0943433709645414e+17,1617.0,5.0,26.99999999999979,21.99999999999979,81.48148148148134,7.720796992592944e-15,99.99999999999922,90-100%
3877.0,3540.0,4.0,0.0,3872.619209039548,3872.619209039548,100.0,0.0011299435028248588,99.88700564971752,90-100%
229.0,6256.0,1451.0,0.0,175.88634910485933,175.88634910485933,100.0,0.2319373401534527,76.80626598465473,75-90%
3913.0,5800.0,937.0,0.0,3280.8481034482757,3280.8481034482757,100.0,0.16155172413793104,83.84482758620689,75-90%
951.0,1064470260.0,783.0,0.0,950.9993004661304,950.9993004661304,100.0,7.35577149896137e-07,99.99992644228502,90-100%
3.0,301040543503960.0,764760794.0,0.0,2.999992378825937,2.999992378825937,100.0,2.540391354262686e-06,99.99974596086457,90-100%
1790.0,4163.0,2463.0,0.0,730.963247657939,730.963247657939,100.0,0.5916406437665145,40.83593562334855,25-50%
13.0,60315962968996.0,7117.0,0.0,12.99999999846606,12.99999999846606,100.0,1.1799529759076094e-10,99.99999998820047,90-100%
535.0,5923.0,63.0,0.0,529.3094715515786,529.3094715515786,100.0,0.010636501772750296,98.93634982272496,90-100%
2.0,60497884851215.0,9853763.0,0.0,1.9999996742443797,1.9999996742443797,100.0,1.6287781009590293e-07,99.99998371221899,90-100%
2389848003059691.0,395062132412.0,4174171.0,944128472.0,2389822752261372.5,2389821808132900.5,99.99996049378679,1.0565859538384878e-05,99.99894341404615,90-100%
2.0,6.784457192783684e+17,322740649117.0,1.0,1.999999048588148,0.999999048588148,49.99997621469239,4.757059259807615e-07,99.9999524294074,90-100%
6257.0,320.0,67.0,0.0,4946.940625,4946.940625,100.0,0.209375,79.0625,75-90%
1.0049524013940177e+20,1138899423.0,28045626.0,111635519089.0,9.802052475820884e+19,9.802052464657333e+19,99.99999988611006,0.024625199937431175,97.53748000625689,90-100%
2947.0,1064470260.0,1938.0,0.0,2946.994634621356,2946.994634621356,100.0,1.820623903574347e-06,99.99981793760965,90-100%
4.4983773494313056e+30,490765752601775.0,107016411.0,2.207649063980233e+27,4.4983763685148566e+30,4.496168719450876e+30,99.95092342473983,2.1806006314144127e-07,99.99997819399368,90-100%
6212.0,2718.0,20.0,0.0,6166.289919058131,6166.289919058131,100.0,0.007358351729212656,99.26416482707874,90-100%
1.0,114569179043.0,2.0,0.0,0.9999999999825433,0.9999999999825433,100.0,1.7456701852156606e-11,99.99999999825432,90-100%
1938.0,4781.0,2086.0,0.0,1092.4304538799415,1092.4304538799415,100.0,0.4363103953147877,56.36896046852124,50-75%
5.602352492165387e+33,35449439512.0,3.0,1.9860025577911226e+26,5.602352491691273e+33,5.602352293091018e+33,99.99999645505605,8.462757215059688e-11,99.99999999153725,90-100%
5296.0,5161.0,2912.0,0.0,2307.828715365239,2307.828715365239,100.0,0.5642317380352645,43.57682619647355,25-50%
6258.0,2825.0,1310.0,0.0,3356.0601769911505,3356.0601769911505,100.0,0.46371681415929206,53.6283185840708,50-75%
2759.0,4841.0,4556.0,0.0,162.42821731047303,162.42821731047303,100.0,0.9411278661433589,5.8872133856641184,0-10%
4555.0,6153.0,5816.0,0.0,249.47749065496507,249.47749065496507,100.0,0.9452299691207541,5.477003087924589,0-10%
4984.0,5620.0,5317.0,0.0,268.7103202846975,268.7103202846975,100.0,0.946085409252669,5.3914590747330955,0-10%
256.0,6050.0,980.0,0.0,214.53223140495868,214.53223140495868,100.0,0.16198347107438016,83.80165289256199,75-90%
2.9588081803477516e+20,65697373.0,3.0,19438591578.0,2.958808045236953e+20,2.958808045042567e+20,99.99999999343027,4.566392631863682e-08,99.99999543360737,90-100%
2439649223.0,5852.0,1939.0,0.0,1631296549.8289473,1631296549.8289473,100.0,0.33133971291866027,66.86602870813397,50-75%
252.0,4137.0,312.0,0.0,232.99492385786803,232.99492385786803,100.0,0.07541696881798404,92.45830311820158,90-100%
4499.0,5072.0,4138.0,0.0,828.4830441640379,828.4830441640379,100.0,0.8158517350157729,18.414826498422713,10-25%
443025635.0,229300869107.0,463624036.0,101.0,442129880.2924401,442129779.2924401,99.99997715603389,0.002021902654820102,99.797809734518,90-100%
105474.0,3769584.0,2.0,0.0,105473.94403944838,105473.94403944838,100.0,5.305625236100323e-07,99.99994694374764,90-100%
2.238176965787731e+30,3400720943.0,127492.0,7.611129932036809e+21,2.2380930572099603e+30,2.2380930495988305e+30,99.99999965992791,3.748969766614573e-05,99.99625103023338,90-100%
904.0,298227071121113.0,31041.0,0.0,903.9999999059071,903.9999999059071,100.0,1.0408511837409266e-10,99.99999998959149,90-100%
145729017.0,30886699.0,2684.0,0.0,145716353.4038796,145716353.4038796,100.0,8.689824704155015e-05,99.99131017529585,90-100%
485594.0,52723495259525.0,470.0,25.0,485593.9999956712,485568.9999956712,99.9948516662067,8.914431747866527e-12,99.99999999910855,90-100%
6155.0,3769.0,2682.0,0.0,1775.1353144070044,1775.1353144070044,100.0,0.7115945874237198,28.840541257628015,25-50%
54297380228948.0,132753209525.0,378188.0,7208130.0,54297225546302.6,54297218338172.6,99.99998672468081,2.848804946812076e-06,99.99971511950531,90-100%
2.648572304617062e+27,1.1029285838440528e+16,998621080.0,2.9211858366478617e+25,2.648572064808232e+27,2.619360206441753e+27,98.89707141615595,9.054267834092137e-08,99.99999094573216,90-100%
231553462.0,422500382599401.0,990476970887.0,97602.0,231010626.1089906,230913024.1089906,99.95774999546819,0.002344322068522558,99.76556779314775,90-100%
5.41492465751423e+20,71845957.0,66.0,38904008671.0,5.414919683190798e+20,5.414919682801758e+20,99.9999999928154,9.186320672156959e-07,99.99990813679328,90-100%
1.4655691933647631e+34,2268677733700.0,1.0,3.3249041961818424e+28,1.465569193364117e+34,1.465565868459921e+34,99.99977313222664,4.4078539016164895e-13,99.99999999995592,90-100%
67.0,227.0,12.0,0.0,63.458149779735685,63.458149779735685,100.0,0.05286343612334802,94.7136563876652,90-100%
344857.0,5.380439608481994e+16,1334514141.0,18554.0,344856.9914464881,326302.9914464881,94.61979879770567,2.4803068858838326e-08,99.99999751969311,90-100%
2169.0,4137.0,905.0,0.0,1694.5148658448152,1694.5148658448152,100.0,0.2187575537829345,78.12424462170655,75-90%
136.0,5653.0,226.0,0.0,130.5628869626747,130.5628869626747,100.0,0.03997877233327437,96.00212276667256,90-100%
5298.0,3478.0,6.0,0.0,5288.860264519839,5288.860264519839,100.0,0.0017251293847038527,99.82748706152962,90-100%
5445.0,241.0,98.0,0.0,3230.850622406639,3230.850622406639,100.0,0.4066390041493776,59.33609958506224,50-75%
3877.0,107477462.0,250.0,0.0,3876.9909818302185,3876.9909818302185,100.0,2.3260690692528635e-06,99.99976739309308,90-100%
860.0,4898.0,2638.0,0.0,396.8150265414455,396.8150265414455,100.0,0.5385871784401797,46.14128215598203,25-50%
5100.0,2315.0,87.0,0.0,4908.336933045356,4908.336933045356,100.0,0.03758099352051836,96.24190064794817,90-100%
5468.0,5219.0,161.0,0.0,5299.318643418279,5299.318643418279,100.0,0.030848821613335888,96.9151178386664,90-100%
5667.0,5740.0,1209.0,0.0,4473.375783972126,4473.375783972126,100.0,0.21062717770034844,78.93728222996515,75-90%
1.796326144120902e+30,8.760952444589384e+16,100648.0,1.573752792359776e+29,1.7963261441188383e+30,1.6389508648828608e+30,91.23904755541062,1.148824863923996e-12,99.9999999998851,90-100%
2168.0,5941.0,4165.0,0.0,648.1009930988049,648.1009930988049,100.0,0.7010604275374516,29.89395724625484,25-50%
253733832341.0,2170129967659339.0,836304.0,550635393.0,253733832243.21848,253183196850.21848,99.78298700329715,3.8537046742044745e-10,99.99999996146295,90-100%
9.319729086146295e+37,10208015453160.0,230851770529.0,9.29844625702586e+32,9.10896569435289e+37,9.108872709890319e+37,99.99897919845468,0.022614755197841847,97.73852448021582,90-100%
6062.0,640807600.0,229.0,0.0,6061.997833674257,6061.997833674257,100.0,3.573615543885559e-07,99.99996426384456,90-100%
1190.0,4459.0,314.0,0.0,1106.2009419152275,1106.2009419152275,100.0,0.07041937654182552,92.95806234581745,90-100%
230.0,4572.0,2367.0,0.0,110.9251968503937,110.9251968503937,100.0,0.5177165354330708,48.22834645669291,25-50%
1554.0,2463.0,380.0,0.0,1314.2436053593178,1314.2436053593178,100.0,0.15428339423467316,84.57166057653268,75-90%
5013.0,3628.0,415.0,0.0,4439.572491730982,4439.572491730982,100.0,0.11438809261300992,88.561190738699,75-90%
243.0,3673.0,2169.0,0.0,99.50231418459025,99.50231418459025,100.0,0.5905254560304928,40.947454396950725,25-50%
5.428874856947281e+31,1477692247623263.0,334526161890790.0,6.206105620147862e+28,4.19986342225848e+31,4.193657316638332e+31,99.85223077523767,0.22638418955560313,77.36158104443969,75-90%
2.0,262314028391.0,2012147.0,0.0,1.9999846584872922,1.9999846584872922,100.0,7.670756353910033e-06,99.9992329243646,90-100%
4141.0,2555.0,240.0,0.0,3752.021526418787,3752.021526418787,100.0,0.09393346379647749,90.60665362035225,90-100%
5983.0,5816.0,3718.0,0.0,2158.2417469050893,2158.2417469050893,100.0,0.6392709766162311,36.07290233837689,25-50%
4948.0,6081.0,3720.0,0.0,1921.1031080414405,1921.1031080414405,100.0,0.6117414898865319,38.82585101134682,25-50%
3340.0,4140.0,4129.0,0.0,8.8743961352657,8.8743961352657,100.0,0.9973429951690821,0.26570048309178745,0-10%
8.548048125827846e+37,2334799259269.0,9835.0,1.995797634830857e+32,8.548048089820445e+37,8.548028131844096e+37,99.99976652007408,4.212353572135032e-09,99.99999957876464,90-100%
760.0,978.0,533.0,0.0,345.8077709611452,345.8077709611452,100.0,0.5449897750511248,45.50102249488753,25-50%
1.0614718225808446e+29,1.1467838363258488e+17,2.0734780153293664e+16,9.971848800497544e+27,8.695491237865797e+28,7.698306357816042e+28,88.5321616367415,0.18080809561918218,81.91919043808178,75-90%
8.211838207156893e+29,611791814188.0,6.0,5.0239353945255775e+23,8.211838207076357e+29,8.211833183140963e+29,99.99993882081858,9.807257731886284e-12,99.99999999901928,90-100%
11365513776603.0,237187990724.0,309303268.0,2692247.0,11350692661322.787,11350689969075.787,99.99997628120961,0.0013040427007112506,99.86959572992888,90-100%
4572.0,268.0,31.0,0.0,4043.1492537313434,4043.1492537313434,100.0,0.11567164179104478,88.43283582089553,75-90%
3767.0,1330.0,799.0,0.0,1503.9676691729323,1503.9676691729323,100.0,0.6007518796992481,39.92481203007519,25-50%
1278.0,6153.0,4554.0,0.0,332.1179912237933,332.1179912237933,100.0,0.7401267674305217,25.987323256947832,25-50%
431.0,2462.0,300.0,0.0,378.4817221770918,378.4817221770918,100.0,0.12185215272136475,87.81478472786353,75-90%
5981.0,5220.0,5100.0,0.0,137.49425287356323,137.49425287356323,100.0,0.9770114942528736,2.2988505747126435,0-10%
5242.0,1281615203.0,5701.0,0.0,5241.9766820478335,5241.9766820478335,100.0,4.44829304978212e-06,99.99955517069502,90-100%
291.0,2826.0,939.0,0.0,194.30891719745222,194.30891719745222,100.0,0.3322717622080679,66.7728237791932,50-75%
433.0,5852.0,4753.0,0.0,81.31698564593302,81.31698564593302,100.0,0.812200956937799,18.779904306220097,10-25%
2000.0,2957397980.0,4141.0,0.0,1999.9971995652745,1999.9971995652745,100.0,1.40021736269665e-06,99.99985997826373,90-100%
3124842406.0,4594638.0,2167.0,0.0,3123368615.5743337,3123368615.5743337,100.0,0.00047163672089074266,99.95283632791092,90-100%
2.2534050575449244e+18,569922771663.0,3006067054.0,1277492969372.0,2.2415194354227604e+18,2.241518157929791e+18,99.99994300772283,0.005274516484450128,99.47254835155499,90-100%
1046363170.0,1938.0,533.0,0.0,758586302.2961817,758586302.2961817,100.0,0.27502579979360164,72.49742002063984,50-75%
6050.0,6256.0,662.0,0.0,5409.798593350383,5409.798593350383,100.0,0.10581841432225064,89.41815856777494,75-90%
284721.0,1062712831494.0,1290665.0,0.0,284720.6542062742,284720.6542062742,100.0,1.214500250444456e-06,99.99987854997495,90-100%
1.4759322273807495e+31,50535488469.0,2025675.0,7.458396629881066e+23,1.4758730658072637e+31,1.4758729912232973e+31,99.99999494645115,4.0084207383146406e-05,99.99599157926168,90-100%
70934918390509.0,4.370989068742329e+17,179873167715903.0,30992815999231.0,70905727540859.4,39912911541628.4,56.29010931257789,0.0004115159404131344,99.95884840595869,90-100%
1087.0,4908.0,2912.0,0.0,442.06438467807664,442.06438467807664,100.0,0.5933170334148329,40.66829665851671,25-50%
4802.0,3041954472.0,4510.0,0.0,4801.992880557484,4801.992880557484,100.0,1.48259944108723e-06,99.99985174005589,90-100%
257.0,4898.0,4247.0,0.0,34.15822784810127,34.15822784810127,100.0,0.8670886075949367,13.291139240506327,10-25%
1.520285740564986e+16,121918053189856.0,69136238.0,1853501726751.0,1.5202848784544614e+16,1.5200995282817864e+16,99.98780819468102,5.670713745103696e-07,99.99994329286255,90-100%
5828.0,2957397981.0,3095.0,0.0,5827.993900834411,5827.993900834411,100.0,1.046528069567922e-06,99.99989534719305,90-100%
2912.0,5074.0,4572.0,0.0,288.10090658257786,288.10090658257786,100.0,0.9010642491131258,9.893575088687426,0-10%
5355.0,28142141643096.0,3340.0,0.0,5354.9999993644515,5354.9999993644515,100.0,1.1868322043000552e-10,99.99999998813168,90-100%
5959.0,5100.0,2684.0,0.0,2822.9301960784314,2822.9301960784314,100.0,0.5262745098039215,47.372549019607845,25-50%
663.0,4330.0,4038.0,0.0,44.71039260969977,44.71039260969977,100.0,0.9325635103926097,6.743648960739031,0-10%
4677.0,640807602.0,3913.0,0.0,4676.97144056821,4676.97144056821,100.0,6.106357021650938e-06,99.99938936429783,90-100%
1.1382544897351413e+38,171614865243.0,201.0,1.953413906393468e+31,1.1382544884019866e+38,1.138254293060596e+38,99.99998283851347,1.1712272110891548e-09,99.99999988287728,90-100%
2.774908245768403e+33,60655332574735.0,0.0,1.6831298251145696e+29,2.774908245768403e+33,2.7747399327858916e+33,99.99393446674253,0.0,100.0,90-100%
6018.0,3510989675.0,6080.0,0.0,6017.989578596525,6017.989578596525,100.0,1.7317054627909153e-06,99.99982682945372,90-100%
6018.0,4510.0,3150.0,0.0,1814.740576496674,1814.740576496674,100.0,0.6984478935698448,30.155210643015522,25-50%
6125.0,58.0,22.0,0.0,3801.7241379310344,3801.7241379310344,100.0,0.3793103448275862,62.06896551724138,50-75%
14041851401.0,7828817.0,13193.0,0.0,14018188292.572073,14018188292.572073,100.0,0.0016851843643809787,99.8314815635619,90-100%
4123.0,4087.0,781.0,0.0,3335.120626376315,3335.120626376315,100.0,0.19109371176902373,80.89062882309761,75-90%
67.0,4679.0,4123.0,0.0,7.961530241504595,7.961530241504595,100.0,0.8811711904253046,11.882880957469546,10-25%
1.6023799618250193e+21,7951792126465.0,131224194.0,1.2741582093026504e+16,1.6023535186011992e+21,1.6023407770191061e+21,99.99920482078736,1.650246786045402e-05,99.99834975321396,90-100%
10791.0,1906661156135633.0,2.0,20.0,10790.999999999989,10770.999999999989,99.81466036511908,1.0489540805737836e-15,99.9999999999999,90-100%
260398266061659.0,3894499.0,4.0,1014.0,260397998609269.28,260397998608255.28,99.9999999996106,1.0270897488996658e-06,99.9998972910251,90-100%
6.393985538320187e+23,519996848766123.0,0.0,3.32485233098266e+20,6.393985538320187e+23,6.390660685989205e+23,99.9480003151234,0.0,100.0,90-100%
561.0,3340.0,2976.0,0.0,61.138922155688626,61.138922155688626,100.0,0.8910179640718563,10.89820359281437,10-25%
1.337513756114462e+18,268322327046.0,19300800830.0,333069716882.0,1.241304518149241e+18,1.2413041850795244e+18,99.9999731677673,0.07193140072421612,92.80685992757839,90-100%
492350549004697.0,1.2033255142180196e+16,122363903029.0,5924519529631.0,492345542384782.2,486421022855151.2,98.79667448578202,1.0168811479786341e-05,99.99898311885202,90-100%
8.223498200201635e+32,98869178142706.0,334527.0,8.130505057609755e+28,8.223498172377169e+32,8.222685121871407e+32,99.99011308218573,3.3835317161952103e-09,99.99999966164683,90-100%
545881.0,1125493.0,235.0,0.0,545767.0214723682,545767.0214723682,100.0,0.00020879738923298502,99.9791202610767,90-100%
1308.0,2957397980.0,6103.0,0.0,1307.9973007609885,1307.9973007609885,100.0,2.063638387958864e-06,99.9997936361612,90-100%
5770.0,3510989676.0,991.0,0.0,5769.998371379432,5769.998371379432,100.0,2.8225659755542955e-07,99.99997177434025,90-100%
5627.0,5959.0,5333.0,0.0,591.1230072159758,591.1230072159758,100.0,0.8949488169155899,10.505118308441014,10-25%
3706.0,611.0,65.0,0.0,3311.744680851064,3311.744680851064,100.0,0.10638297872340426,89.36170212765957,75-90%
4332.0,760.0,95.0,0.0,3790.5,3790.5,100.0,0.125,87.5,75-90%
991.0,3599.0,34.0,0.0,981.6379549874965,981.6379549874965,100.0,0.009447068630175049,99.0552931369825,90-100%
4015.0,3041954473.0,559.0,0.0,4014.9992621898127,4014.9992621898127,100.0,1.837634339900918e-07,99.9999816236566,90-100%
5600.0,6256.0,3565.0,0.0,2408.823529411765,2408.823529411765,100.0,0.5698529411764706,43.01470588235294,25-50%
3.495741726378968e+35,5468.0,2367.0,1.084029509350118e+21,1.982497273866346e+35,1.9824972738663353e+35,99.99999999999946,0.432882223847842,56.711777615215794,50-75%
5.294878952579039e+16,10554346.0,174819.0,549583.0,5.207176176527267e+16,5.207176176472309e+16,99.99999999894456,0.016563698025439,98.3436301974561,90-100%
3.0,3196586250608722.0,48062358555583.0,0.0,2.954893419303392,2.954893419303392,100.0,0.015035526898869236,98.49644731011308,90-100%
7164749702025071.0,226963589615.0,459.0,1626137307.0,7164749687535434.0,7164748061398127.0,99.99997730364105,2.022350813091232e-09,99.99999979776491,90-100%
5100.0,1719639408.0,4859.0,0.0,5099.985589478884,5099.985589478884,100.0,2.825592375584824e-06,99.99971744076244,90-100%
58711.0,20944076418922.0,5085793038158.0,0.0,44454.36776227906,44454.36776227906,100.0,0.2428272766214328,75.71727233785673,75-90%
2889.0,5552.0,937.0,0.0,2401.429214697406,2401.429214697406,100.0,0.16876801152737753,83.12319884726224,75-90%
6.40259360210941e+21,1.0,0.0,6402.0,6.40259360210941e+21,6.40259360210941e+21,100.0,0.0,100.0,90-100%
4200.0,684.0,127.0,0.0,3420.1754385964914,3420.1754385964914,100.0,0.18567251461988304,81.43274853801171,75-90%
7.304771583799544e+20,2712656768.0,55952.0,1981492935890.0,7.304620913584101e+20,7.304620893769172e+20,99.99999972873432,2.0626273349448683e-05,99.99793737266506,90-100%
3879.0,3792478066.0,3114.0,0.0,3878.9968149569254,3878.9968149569254,100.0,8.210990138393591e-07,99.99991789009862,90-100%
2.5366216899243996e+35,20524569513371.0,16628.0,5.206306816179901e+30,2.536621687869353e+35,2.5365696248011912e+35,99.99794754304867,8.101509748678271e-10,99.99999991898491,90-100%
195.0,5854.0,5588.0,0.0,8.860608131192347,8.860608131192347,100.0,0.9545609839426034,4.543901605739665,0-10%
1.8031997861931931e+37,6312640368171805.0,23244951.0,1.1382951720286628e+35,1.8031997795532946e+37,1.791816827833008e+37,99.36873596318281,3.682286593926772e-09,99.99999963177135,90-100%
1.0,12261313579038.0,23708.0,0.0,0.9999999980664388,0.9999999980664388,100.0,1.933561183895607e-09,99.99999980664388,90-100%
4118.0,6173.0,2088.0,0.0,2725.098007451806,2725.098007451806,100.0,0.3382472055726551,66.17527944273449,50-75%
1.3678566684159972e+31,83132.0,34344.0,6.673499113867968e+17,8.027593602785892e+30,8.027593602785224e+30,99.99999999999169,0.41312611268825483,58.687388731174515,50-75%
661.0,6126.0,781.0,0.0,576.7295135488083,576.7295135488083,100.0,0.12748938948743063,87.25106105125694,75-90%
4.0,2.124985138854091e+17,1.155560174144907e+16,0.0,3.78248126953621,3.78248126953621,100.0,0.05437968261594755,94.56203173840525,90-100%
5654.0,165122942632837.0,80317.0,0.0,5653.999997249854,5653.999997249854,100.0,4.864072715721325e-10,99.99999995135927,90-100%
2.6272320146407477e+26,21065244840611.0,67273832.0,5.534310889753389e+21,2.6272236243292884e+26,2.627168281220391e+26,99.99789347551594,3.1935936424676615e-06,99.99968064063576,90-100%
451619219756761.0,1912210160592108.0,4796263035.0,863588694652.0,451618086991851.44,450754498297199.44,99.80877898394101,2.5082300752522184e-06,99.99974917699247,90-100%
23.0,880824791.0,3541.0,0.0,22.999907537797718,22.999907537797718,100.0,4.020095751369468e-06,99.99959799042486,90-100%
5799.0,6026.0,3879.0,0.0,2066.1223033521405,2066.1223033521405,100.0,0.6437105874543644,35.62894125456356,25-50%
5496.0,1637714303.0,1170.0,0.0,5495.996073600879,5495.996073600879,100.0,7.14410320442808e-07,99.99992855896795,90-100%
859.0,1725540767.0,242.0,0.0,858.9998795287808,858.9998795287808,100.0,1.402458896527479e-07,99.99998597541104,90-100%
5924.0,2168.0,452.0,0.0,4688.922509225093,4688.922509225093,100.0,0.20848708487084872,79.15129151291514,75-90%
107477463.0,6171.0,3791.0,0.0,41451363.14049587,41451363.14049587,100.0,0.6143250688705234,38.56749311294766,25-50%
1.760874253139529e+36,1.4988431593270312e+16,18078.0,2.639274328750095e+34,1.7608742531374052e+36,1.734481509849904e+36,98.50115684067296,1.2061302003150802e-12,99.99999999987938,90-100%
2.9797621738426663e+36,177892452937.0,15.0,5.3007720222906286e+29,2.979762173591411e+36,2.9797616435142087e+36,99.99998221075471,8.432060917903132e-11,99.99999999156793,90-100%
2.5400248442754008e+29,440417922371.0,1129059157.0,1.1158046263770582e+23,2.5335132148348968e+29,2.5335120990302705e+29,99.99995595820776,0.002563608562797999,99.7436391437202,90-100%
1830.0,2358.0,256.0,0.0,1631.323155216285,1631.323155216285,100.0,0.1085665818490246,89.14334181509754,75-90%
257.0,3719.0,393.0,0.0,229.84189298198442,229.84189298198442,100.0,0.1056735681634848,89.43264318365152,75-90%
1725540767.0,2025.0,686.0,0.0,1140987203.4632099,1140987203.4632099,100.0,0.3387654320987654,66.12345679012346,50-75%
640807600.0,1761649583.0,4840.0,1.0,640805839.4292179,640805838.4292179,99.9999998439465,2.74742494007107e-06,99.99972525750599,90-100%
107.0,5702.0,3020.0,0.0,50.32865661171519,50.32865661171519,100.0,0.5296387232549983,47.03612767450018,25-50%
5702.0,3114.0,2888.0,0.0,413.82530507385997,413.82530507385997,100.0,0.9274245343609505,7.2575465639049455,0-10%
3095.0,5854.0,1939.0,0.0,2069.8539460198153,2069.8539460198153,100.0,0.33122651178681245,66.87734882131876,50-75%
243.0,3114.0,415.0,0.0,210.61560693641619,210.61560693641619,100.0,0.13326910725754657,86.67308927424534,75-90%
6124.0,6103.0,5723.0,0.0,381.3075536621334,381.3075536621334,100.0,0.9377355398984106,6.226446010158939,0-10%
3365985214.0,327183012749109.0,809837442462.0,1098567.0,3357653788.6177144,3356555221.6177144,99.9672817071336,0.0024751818123363296,99.75248181876637,90-100%
9.87002509077568e+29,46193973921010.0,2105279862.0,4.55914902477945e+25,9.869575266625531e+29,9.869119351723052e+29,99.9953806026079,4.557477270953028e-05,99.99544252272905,90-100%
938.0,4460.0,4014.0,0.0,93.8,93.8,100.0,0.9,10.0,0-10%
7.137501768412852e+28,748311.0,515563.0,1.6612392615945544e+16,2.219985088545477e+28,2.219985088543816e+28,99.99999999992517,0.688968891276488,31.103110872351202,25-50%
1939.0,6172.0,3913.0,0.0,709.6890797148412,709.6890797148412,100.0,0.6339922229423202,36.60077770576798,25-50%
177362149.0,28142141643098.0,3790.0,4991.0,177362148.97611403,177357157.97611403,99.99718598357721,1.3467347467954758e-10,99.99999998653266,90-100%
1.0,28733675.0,1231135.0,0.0,0.9571535837305879,0.9571535837305879,100.0,0.04284641626941211,95.71535837305879,90-100%
2233625730.0,2023.0,905.0,0.0,1234401169.6193771,1234401169.6193771,100.0,0.4473554127533366,55.26445872466633,50-75%
4016.0,4570.0,3114.0,0.0,1279.4958424507658,1279.4958424507658,100.0,0.6814004376367615,31.85995623632385,25-50%
2845682913636.0,34649418946252.0,61.0,98601259.0,2845682913630.99,2845584312371.99,99.99653505812164,1.7604912825413576e-12,99.99999999982396,90-100%
1.6889798184134615e+34,269334245986.0,423508868.0,4.5418480794698977e+27,1.6863240182631593e+34,1.6863235640783513e+34,99.99997306657541,0.0015724285875700114,99.842757141243,90-100%
4594.0,4594637.0,1671.0,0.0,4592.329231667268,4592.329231667268,100.0,0.00036368487869661956,99.96363151213033,90-100%
5012.0,3255.0,2759.0,0.0,763.7333333333333,763.7333333333333,100.0,0.8476190476190476,15.238095238095239,10-25%
2287.0,1313373040.0,640807602.0,0.0,1171.1502443403285,1171.1502443403285,100.0,0.48790981882801554,51.20901811719845,50-75%
4202.0,2826.0,264.0,0.0,3809.456475583864,3809.456475583864,100.0,0.09341825902335456,90.65817409766454,90-100%
8.073011889135128e+28,81935.0,242.0,6595085602591159.0,8.049167758090145e+28,8.049167758089485e+28,99.9999999999918,0.0029535607493745043,99.70464392506256,90-100%
1047.0,6279.0,598.0,0.0,947.2857142857143,947.2857142857143,100.0,0.09523809523809523,90.47619047619048,90-100%
